#samplerate,100
pressure,flow,pip,peep,rr
314,,,,
313,,,,
316,,,,
327,,,,
332,,,,
332,,,,
341,,,,
335,,,,
341,,,,
349,,,,
352,,,,
361,,,,
363,,,,
374,,,,
374,,,,
366,,,,
378,,,,
390,,,,
396,,,,
388,,,,
398,,,,
393,,,,
410,,,,
406,,,,
407,,,,
408,,,,
402,,,,
392,,,,
352,,,,
266,,,,
300,,,,
275,,,,
277,,,,
277,,,,
265,,,,
263,,,,
256,,,,
253,,,,
249,,,,
248,,,,
238,,,,
240,,,,
233,,,,
228,,,,
226,,,,
223,,,,
220,,,,
215,,,,
216,,,,
215,,,,
210,,,,
206,,,,
208,,,,
203,,,,
201,,,,
200,,,,
199,,,,
196,,,,
194,,,,
193,,,,
191,,,,
190,,,,
189,,,,
189,,,,
188,,,,
187,,,,
182,,,,
185,,,,
180,,,,
182,,,,
180,,,,
180,,,,
179,,,,
177,,,,
176,,,,
176,,,,
176,,,,
176,,,,
177,,,,
172,,,,
173,,,,
173,,,,
172,,,,
174,,,,
171,,,,
174,,,,
168,,,,
174,,,,
172,,,,
171,,,,
171,,,,
169,,,,
168,,,,
170,,,,
168,,,,
170,,,,
166,,,,
169,,,,
167,,,,
168,,,,
168,,,,
170,,,,
168,,,,
165,,,,
169,,,,
168,,,,
168,,,,
167,,,,
170,,,,
170,,,,
168,,,,
171,,,,
171,,,,
170,,,,
168,,,,
172,,,,
170,,,,
171,,,,
170,,,,
172,,,,
172,,,,
171,,,,
172,,,,
170,,,,
172,,,,
171,,,,
170,,,,
171,,,,
174,,,,
169,,,,
172,,,,
171,,,,
172,,,,
173,,,,
170,,,,
173,,,,
171,,,,
171,,,,
174,,,,
173,,,,
170,,,,
173,,,,
171,,,,
173,,,,
174,,,,
174,,,,
171,,,,
172,,,,
170,,,,
172,,,,
172,,,,
174,,,,
167,,,,
172,,,,
170,,,,
170,,,,
170,,,,
169,,,,
172,,,,
168,,,,
170,,,,
169,,,,
168,,,,
168,,,,
171,,,,
169,,,,
168,,,,
168,,,,
165,,,,
169,,,,
171,,,,
165,,,,
165,,,,
167,,,,
166,,,,
165,,,,
164,,,,
163,,,,
164,,,,
164,,,,
164,,,,
165,,,,
163,,,,
167,,,,
163,,,,
164,,,,
165,,,,
163,,,,
163,,,,
162,,,,
161,,,,
163,,,,
161,,,,
160,,,,
160,,,,
160,,,,
159,,,,
160,,,,
161,,,,
162,,,,
158,,,,
160,,,,
160,,,,
160,,,,
158,,,,
158,,,,
159,,,,
159,,,,
161,,,,
157,,,,
158,,,,
155,,,,
159,,,,
157,,,,
159,,,,
157,,,,
160,,,,
155,,,,
159,,,,
155,,,,
158,,,,
156,,,,
157,,,,
154,,,,
156,,,,
156,,,,
154,,,,
156,,,,
154,,,,
154,,,,
153,,,,
152,,,,
157,,,,
153,,,,
153,,,,
153,,,,
156,,,,
153,,,,
154,,,,
154,,,,
153,,,,
153,,,,
156,,,,
150,,,,
156,,,,
155,,,,
153,,,,
152,,,,
152,,,,
150,,,,
152,,,,
152,,,,
151,,,,
151,,,,
151,,,,
151,,,,
151,,,,
155,,,,
150,,,,
151,,,,
149,,,,
154,,,,
150,,,,
148,,,,
154,,,,
150,,,,
148,,,,
154,,,,
151,,,,
150,,,,
151,,,,
151,,,,
152,,,,
153,,,,
157,,,,
154,,,,
164,,,,
184,,,,
229,,,,
227,,,,
214,,,,
232,,,,
220,,,,
239,,,,
239,,,,
236,,,,
226,,,,
235,,,,
241,,,,
235,,,,
246,,,,
250,,,,
246,,,,
242,,,,
243,,,,
251,,,,
250,,,,
250,,,,
264,,,,
251,,,,
252,,,,
257,,,,
254,,,,
259,,,,
262,,,,
267,,,,
258,,,,
261,,,,
262,,,,
267,,,,
265,,,,
257,,,,
270,,,,
259,,,,
268,,,,
272,,,,
267,,,,
262,,,,
269,,,,
268,,,,
267,,,,
264,,,,
267,,,,
264,,,,
272,,,,
270,,,,
262,,,,
268,,,,
271,,,,
266,,,,
263,,,,
270,,,,
270,,,,
272,,,,
287,,,,
275,,,,
274,,,,
282,,,,
283,,,,
289,,,,
285,,,,
294,,,,
301,,,,
302,,,,
306,,,,
311,,,,
312,,,,
314,,,,
328,,,,
333,,,,
334,,,,
335,,,,
344,,,,
338,,,,
356,,,,
356,,,,
358,,,,
359,,,,
364,,,,
381,,,,
373,,,,
384,,,,
383,,,,
387,,,,
393,,,,
399,,,,
401,,,,
402,,,,
407,,,,
407,,,,
404,,,,
408,,,,
396,,,,
363,,,,
268,,,,
299,,,,
276,,,,
274,,,,
280,,,,
266,,,,
267,,,,
260,,,,
252,,,,
252,,,,
245,,,,
239,,,,
239,,,,
235,,,,
231,,,,
229,,,,
223,,,,
220,,,,
217,,,,
213,,,,
215,,,,
208,,,,
208,,,,
205,,,,
203,,,,
202,,,,
197,,,,
199,,,,
196,,,,
195,,,,
193,,,,
193,,,,
192,,,,
188,,,,
186,,,,
188,,,,
185,,,,
184,,,,
183,,,,
181,,,,
180,,,,
178,,,,
179,,,,
177,,,,
177,,,,
180,,,,
175,,,,
177,,,,
175,,,,
175,,,,
175,,,,
173,,,,
173,,,,
174,,,,
171,,,,
172,,,,
170,,,,
175,,,,
169,,,,
172,,,,
173,,,,
169,,,,
172,,,,
169,,,,
170,,,,
169,,,,
168,,,,
170,,,,
168,,,,
167,,,,
170,,,,
167,,,,
168,,,,
168,,,,
169,,,,
169,,,,
169,,,,
167,,,,
172,,,,
169,,,,
170,,,,
168,,,,
172,,,,
168,,,,
170,,,,
172,,,,
169,,,,
172,,,,
168,,,,
171,,,,
169,,,,
171,,,,
170,,,,
173,,,,
173,,,,
172,,,,
170,,,,
172,,,,
172,,,,
171,,,,
173,,,,
172,,,,
171,,,,
171,,,,
172,,,,
170,,,,
173,,,,
170,,,,
175,,,,
171,,,,
173,,,,
172,,,,
174,,,,
172,,,,
170,,,,
174,,,,
173,,,,
171,,,,
171,,,,
171,,,,
170,,,,
172,,,,
170,,,,
167,,,,
170,,,,
167,,,,
170,,,,
170,,,,
168,,,,
170,,,,
169,,,,
170,,,,
167,,,,
170,,,,
168,,,,
168,,,,
168,,,,
169,,,,
168,,,,
164,,,,
169,,,,
166,,,,
165,,,,
165,,,,
167,,,,
165,,,,
165,,,,
164,,,,
166,,,,
162,,,,
164,,,,
164,,,,
166,,,,
160,,,,
162,,,,
166,,,,
162,,,,
161,,,,
164,,,,
161,,,,
163,,,,
163,,,,
161,,,,
161,,,,
162,,,,
161,,,,
161,,,,
161,,,,
159,,,,
162,,,,
157,,,,
163,,,,
158,,,,
161,,,,
159,,,,
160,,,,
160,,,,
159,,,,
158,,,,
162,,,,
158,,,,
160,,,,
156,,,,
157,,,,
157,,,,
155,,,,
156,,,,
158,,,,
157,,,,
157,,,,
153,,,,
156,,,,
156,,,,
154,,,,
157,,,,
155,,,,
156,,,,
153,,,,
155,,,,
155,,,,
155,,,,
152,,,,
153,,,,
155,,,,
154,,,,
156,,,,
154,,,,
153,,,,
153,,,,
154,,,,
153,,,,
154,,,,
154,,,,
152,,,,
154,,,,
152,,,,
151,,,,
152,,,,
152,,,,
150,,,,
151,,,,
153,,,,
151,,,,
150,,,,
152,,,,
151,,,,
148,,,,
153,,,,
150,,,,
153,,,,
149,,,,
150,,,,
152,,,,
148,,,,
155,,,,
148,,,,
150,,,,
155,,,,
153,,,,
153,,,,
151,,,,
152,,,,
157,,,,
152,,,,
151,,,,
157,,,,
155,,,,
160,,,,
188,,,,
228,,,,
223,,,,
220,,,,
228,,,,
231,,,,
233,,,,
232,,,,
229,,,,
235,,,,
234,,,,
233,,,,
241,,,,
241,,,,
244,,,,
246,,,,
247,,,,
252,,,,
248,,,,
255,,,,
250,,,,
253,,,,
250,,,,
260,,,,
257,,,,
249,,,,
265,,,,
255,,,,
265,,,,
266,,,,
267,,,,
263,,,,
254,,,,
264,,,,
270,,,,
261,,,,
267,,,,
264,,,,
269,,,,
266,,,,
274,,,,
263,,,,
272,,,,
261,,,,
275,,,,
271,,,,
270,,,,
265,,,,
259,,,,
264,,,,
261,,,,
267,,,,
262,,,,
266,,,,
270,,,,
267,,,,
275,,,,
277,,,,
277,,,,
278,,,,
292,,,,
278,,,,
285,,,,
294,,,,
296,,,,
294,,,,
304,,,,
312,,,,
320,,,,
314,,,,
313,,,,
322,,,,
326,,,,
334,,,,
343,,,,
341,,,,
348,,,,
359,,,,
354,,,,
364,,,,
368,,,,
364,,,,
380,,,,
377,,,,
380,,,,
390,,,,
388,,,,
402,,,,
390,,,,
397,,,,
403,,,,
413,,,,
412,,,,
405,,,,
398,,,,
380,,,,
337,,,,
269,,,,
301,,,,
269,,,,
279,,,,
272,,,,
266,,,,
263,,,,
255,,,,
253,,,,
249,,,,
246,,,,
240,,,,
235,,,,
235,,,,
228,,,,
227,,,,
223,,,,
220,,,,
219,,,,
214,,,,
214,,,,
209,,,,
207,,,,
205,,,,
203,,,,
202,,,,
199,,,,
198,,,,
197,,,,
194,,,,
193,,,,
192,,,,
191,,,,
188,,,,
186,,,,
186,,,,
184,,,,
185,,,,
182,,,,
180,,,,
181,,,,
178,,,,
179,,,,
177,,,,
180,,,,
176,,,,
175,,,,
174,,,,
174,,,,
174,,,,
174,,,,
174,,,,
173,,,,
174,,,,
172,,,,
170,,,,
172,,,,
172,,,,
169,,,,
173,,,,
169,,,,
172,,,,
170,,,,
168,,,,
171,,,,
168,,,,
168,,,,
167,,,,
168,,,,
169,,,,
167,,,,
169,,,,
170,,,,
167,,,,
168,,,,
170,,,,
171,,,,
168,,,,
168,,,,
168,,,,
169,,,,
173,,,,
167,,,,
170,,,,
170,,,,
170,,,,
171,,,,
168,,,,
172,,,,
171,,,,
172,,,,
170,,,,
171,,,,
172,,,,
171,,,,
169,,,,
174,,,,
172,,,,
170,,,,
170,,,,
172,,,,
170,,,,
172,,,,
171,,,,
172,,,,
173,,,,
171,,,,
174,,,,
173,,,,
170,,,,
173,,,,
173,,,,
173,,,,
172,,,,
171,,,,
171,,,,
172,,,,
170,,,,
173,,,,
171,,,,
167,,,,
170,,,,
170,,,,
171,,,,
169,,,,
170,,,,
172,,,,
170,,,,
168,,,,
172,,,,
167,,,,
170,,,,
170,,,,
168,,,,
170,,,,
168,,,,
167,,,,
169,,,,
168,,,,
166,,,,
167,,,,
167,,,,
163,,,,
164,,,,
164,,,,
164,,,,
165,,,,
164,,,,
163,,,,
164,,,,
165,,,,
164,,,,
163,,,,
164,,,,
163,,,,
167,,,,
163,,,,
163,,,,
160,,,,
161,,,,
161,,,,
167,,,,
160,,,,
160,,,,
163,,,,
164,,,,
162,,,,
163,,,,
158,,,,
158,,,,
161,,,,
161,,,,
159,,,,
160,,,,
161,,,,
158,,,,
161,,,,
155,,,,
160,,,,
157,,,,
160,,,,
159,,,,
155,,,,
158,,,,
157,,,,
159,,,,
157,,,,
157,,,,
160,,,,
158,,,,
158,,,,
151,,,,
156,,,,
155,,,,
155,,,,
155,,,,
158,,,,
154,,,,
155,,,,
157,,,,
155,,,,
155,,,,
153,,,,
152,,,,
158,,,,
150,,,,
155,,,,
153,,,,
154,,,,
154,,,,
153,,,,
155,,,,
152,,,,
149,,,,
155,,,,
151,,,,
154,,,,
148,,,,
155,,,,
153,,,,
149,,,,
152,,,,
151,,,,
151,,,,
151,,,,
150,,,,
152,,,,
151,,,,
149,,,,
151,,,,
153,,,,
154,,,,
151,,,,
152,,,,
151,,,,
154,,,,
150,,,,
148,,,,
153,,,,
152,,,,
152,,,,
153,,,,
151,,,,
151,,,,
154,,,,
158,,,,
162,,,,
186,,,,
226,,,,
220,,,,
223,,,,
228,,,,
224,,,,
237,,,,
228,,,,
230,,,,
228,,,,
245,,,,
234,,,,
244,,,,
245,,,,
242,,,,
253,,,,
254,,,,
239,,,,
254,,,,
248,,,,
253,,,,
255,,,,
254,,,,
249,,,,
255,,,,
258,,,,
270,,,,
254,,,,
264,,,,
259,,,,
266,,,,
260,,,,
256,,,,
266,,,,
263,,,,
267,,,,
265,,,,
270,,,,
271,,,,
259,,,,
265,,,,
275,,,,
273,,,,
262,,,,
263,,,,
272,,,,
267,,,,
262,,,,
266,,,,
273,,,,
262,,,,
266,,,,
265,,,,
271,,,,
264,,,,
272,,,,
277,,,,
281,,,,
274,,,,
280,,,,
286,,,,
280,,,,
294,,,,
292,,,,
303,,,,
298,,,,
304,,,,
318,,,,
308,,,,
320,,,,
313,,,,
325,,,,
329,,,,
332,,,,
343,,,,
341,,,,
345,,,,
357,,,,
357,,,,
364,,,,
366,,,,
373,,,,
365,,,,
377,,,,
388,,,,
389,,,,
395,,,,
392,,,,
388,,,,
406,,,,
400,,,,
412,,,,
416,,,,
401,,,,
398,,,,
392,,,,
338,,,,
267,,,,
301,,,,
270,,,,
274,,,,
277,,,,
265,,,,
262,,,,
258,,,,
253,,,,
250,,,,
244,,,,
241,,,,
234,,,,
231,,,,
230,,,,
224,,,,
224,,,,
219,,,,
218,,,,
214,,,,
211,,,,
212,,,,
207,,,,
207,,,,
201,,,,
202,,,,
200,,,,
196,,,,
195,,,,
195,,,,
192,,,,
192,,,,
189,,,,
188,,,,
185,,,,
185,,,,
187,,,,
184,,,,
181,,,,
182,,,,
179,,,,
182,,,,
178,,,,
180,,,,
179,,,,
177,,,,
176,,,,
178,,,,
176,,,,
174,,,,
175,,,,
174,,,,
173,,,,
169,,,,
172,,,,
172,,,,
171,,,,
170,,,,
169,,,,
172,,,,
171,,,,
169,,,,
172,,,,
169,,,,
170,,,,
169,,,,
170,,,,
169,,,,
167,,,,
169,,,,
169,,,,
168,,,,
170,,,,
166,,,,
168,,,,
166,,,,
169,,,,
169,,,,
167,,,,
170,,,,
168,,,,
168,,,,
169,,,,
169,,,,
171,,,,
169,,,,
170,,,,
171,,,,
170,,,,
170,,,,
173,,,,
169,,,,
174,,,,
171,,,,
167,,,,
171,,,,
171,,,,
168,,,,
173,,,,
170,,,,
172,,,,
170,,,,
170,,,,
171,,,,
172,,,,
171,,,,
172,,,,
174,,,,
170,,,,
174,,,,
170,,,,
172,,,,
172,,,,
174,,,,
173,,,,
172,,,,
172,,,,
170,,,,
175,,,,
169,,,,
171,,,,
171,,,,
171,,,,
170,,,,
172,,,,
171,,,,
170,,,,
168,,,,
173,,,,
169,,,,
168,,,,
169,,,,
168,,,,
168,,,,
170,,,,
170,,,,
169,,,,
166,,,,
166,,,,
167,,,,
164,,,,
167,,,,
165,,,,
164,,,,
166,,,,
164,,,,
167,,,,
162,,,,
167,,,,
164,,,,
166,,,,
163,,,,
166,,,,
166,,,,
164,,,,
163,,,,
160,,,,
164,,,,
160,,,,
163,,,,
162,,,,
163,,,,
160,,,,
161,,,,
161,,,,
160,,,,
159,,,,
160,,,,
161,,,,
161,,,,
160,,,,
159,,,,
161,,,,
161,,,,
156,,,,
159,,,,
158,,,,
159,,,,
157,,,,
159,,,,
158,,,,
155,,,,
159,,,,
158,,,,
160,,,,
158,,,,
157,,,,
155,,,,
155,,,,
162,,,,
155,,,,
155,,,,
157,,,,
156,,,,
157,,,,
155,,,,
152,,,,
159,,,,
152,,,,
153,,,,
155,,,,
153,,,,
153,,,,
153,,,,
154,,,,
151,,,,
155,,,,
153,,,,
154,,,,
152,,,,
154,,,,
153,,,,
151,,,,
153,,,,
151,,,,
153,,,,
153,,,,
150,,,,
157,,,,
150,,,,
152,,,,
151,,,,
151,,,,
150,,,,
151,,,,
149,,,,
151,,,,
152,,,,
149,,,,
153,,,,
146,,,,
153,,,,
152,,,,
148,,,,
151,,,,
152,,,,
150,,,,
150,,,,
153,,,,
150,,,,
152,,,,
150,,,,
152,,,,
153,,,,
154,,,,
154,,,,
164,,,,
186,,,,
224,,,,
223,,,,
218,,,,
228,,,,
222,,,,
235,,,,
232,,,,
238,,,,
238,,,,
233,,,,
235,,,,
246,,,,
239,,,,
238,,,,
250,,,,
243,,,,
243,,,,
254,,,,
253,,,,
256,,,,
254,,,,
249,,,,
258,,,,
256,,,,
257,,,,
252,,,,
262,,,,
262,,,,
268,,,,
264,,,,
264,,,,
260,,,,
261,,,,
270,,,,
261,,,,
273,,,,
271,,,,
266,,,,
268,,,,
268,,,,
269,,,,
263,,,,
271,,,,
263,,,,
275,,,,
264,,,,
255,,,,
270,,,,
267,,,,
265,,,,
264,,,,
276,,,,
263,,,,
273,,,,
271,,,,
271,,,,
277,,,,
274,,,,
274,,,,
282,,,,
288,,,,
292,,,,
295,,,,
292,,,,
307,,,,
305,,,,
315,,,,
314,,,,
313,,,,
324,,,,
331,,,,
324,,,,
337,,,,
337,,,,
344,,,,
345,,,,
350,,,,
349,,,,
363,,,,
365,,,,
373,,,,
374,,,,
381,,,,
384,,,,
387,,,,
390,,,,
395,,,,
386,,,,
398,,,,
401,,,,
408,,,,
406,,,,
400,,,,
411,,,,
392,,,,
356,,,,
268,,,,
301,,,,
274,,,,
274,,,,
274,,,,
268,,,,
264,,,,
255,,,,
252,,,,
249,,,,
245,,,,
240,,,,
239,,,,
232,,,,
228,,,,
223,,,,
223,,,,
221,,,,
219,,,,
214,,,,
212,,,,
209,,,,
208,,,,
204,,,,
204,,,,
203,,,,
201,,,,
199,,,,
194,,,,
197,,,,
192,,,,
192,,,,
188,,,,
188,,,,
188,,,,
185,,,,
183,,,,
182,,,,
186,,,,
180,,,,
179,,,,
181,,,,
178,,,,
179,,,,
175,,,,
179,,,,
176,,,,
176,,,,
175,,,,
175,,,,
174,,,,
173,,,,
172,,,,
174,,,,
170,,,,
171,,,,
171,,,,
171,,,,
171,,,,
169,,,,
169,,,,
171,,,,
168,,,,
171,,,,
169,,,,
167,,,,
170,,,,
168,,,,
167,,,,
168,,,,
168,,,,
167,,,,
169,,,,
170,,,,
169,,,,
168,,,,
169,,,,
166,,,,
170,,,,
172,,,,
168,,,,
169,,,,
168,,,,
171,,,,
169,,,,
171,,,,
174,,,,
167,,,,
171,,,,
172,,,,
170,,,,
172,,,,
170,,,,
169,,,,
173,,,,
171,,,,
171,,,,
172,,,,
171,,,,
171,,,,
171,,,,
171,,,,
172,,,,
170,,,,
174,,,,
173,,,,
172,,,,
173,,,,
172,,,,
173,,,,
174,,,,
170,,,,
172,,,,
171,,,,
172,,,,
172,,,,
172,,,,
171,,,,
170,,,,
172,,,,
170,,,,
172,,,,
170,,,,
169,,,,
170,,,,
171,,,,
168,,,,
168,,,,
168,,,,
171,,,,
168,,,,
172,,,,
168,,,,
169,,,,
169,,,,
167,,,,
169,,,,
167,,,,
168,,,,
166,,,,
167,,,,
165,,,,
167,,,,
166,,,,
163,,,,
164,,,,
166,,,,
165,,,,
167,,,,
166,,,,
161,,,,
165,,,,
161,,,,
165,,,,
164,,,,
162,,,,
164,,,,
164,,,,
161,,,,
163,,,,
164,,,,
160,,,,
162,,,,
161,,,,
161,,,,
162,,,,
162,,,,
162,,,,
161,,,,
162,,,,
157,,,,
159,,,,
160,,,,
159,,,,
158,,,,
158,,,,
161,,,,
156,,,,
158,,,,
159,,,,
159,,,,
157,,,,
159,,,,
158,,,,
154,,,,
156,,,,
158,,,,
154,,,,
155,,,,
156,,,,
156,,,,
157,,,,
158,,,,
156,,,,
156,,,,
157,,,,
155,,,,
156,,,,
156,,,,
153,,,,
154,,,,
155,,,,
156,,,,
155,,,,
151,,,,
156,,,,
154,,,,
152,,,,
152,,,,
153,,,,
154,,,,
151,,,,
152,,,,
154,,,,
153,,,,
151,,,,
154,,,,
155,,,,
152,,,,
153,,,,
154,,,,
151,,,,
151,,,,
152,,,,
150,,,,
151,,,,
153,,,,
152,,,,
149,,,,
153,,,,
151,,,,
150,,,,
154,,,,
152,,,,
152,,,,
150,,,,
151,,,,
151,,,,
153,,,,
154,,,,
151,,,,
151,,,,
153,,,,
154,,,,
153,,,,
157,,,,
167,,,,
187,,,,
233,,,,
217,,,,
223,,,,
224,,,,
227,,,,
229,,,,
236,,,,
235,,,,
230,,,,
237,,,,
239,,,,
244,,,,
245,,,,
233,,,,
246,,,,
251,,,,
244,,,,
256,,,,
256,,,,
248,,,,
262,,,,
251,,,,
255,,,,
258,,,,
263,,,,
259,,,,
262,,,,
260,,,,
259,,,,
268,,,,
260,,,,
259,,,,
268,,,,
271,,,,
268,,,,
264,,,,
266,,,,
268,,,,
267,,,,
268,,,,
265,,,,
268,,,,
266,,,,
264,,,,
265,,,,
269,,,,
268,,,,
265,,,,
263,,,,
262,,,,
265,,,,
269,,,,
268,,,,
269,,,,
269,,,,
276,,,,
276,,,,
283,,,,
274,,,,
282,,,,
286,,,,
283,,,,
295,,,,
302,,,,
297,,,,
314,,,,
307,,,,
314,,,,
317,,,,
319,,,,
329,,,,
333,,,,
324,,,,
342,,,,
340,,,,
344,,,,
358,,,,
353,,,,
358,,,,
363,,,,
369,,,,
366,,,,
383,,,,
383,,,,
384,,,,
389,,,,
393,,,,
399,,,,
400,,,,
409,,,,
406,,,,
412,,,,
401,,,,
398,,,,
386,,,,
320,,,,
275,,,,
295,,,,
267,,,,
277,,,,
273,,,,
266,,,,
263,,,,
256,,,,
250,,,,
248,,,,
244,,,,
239,,,,
235,,,,
232,,,,
231,,,,
224,,,,
221,,,,
220,,,,
217,,,,
212,,,,
214,,,,
211,,,,
205,,,,
204,,,,
202,,,,
201,,,,
198,,,,
197,,,,
196,,,,
192,,,,
193,,,,
192,,,,
189,,,,
189,,,,
187,,,,
188,,,,
186,,,,
183,,,,
183,,,,
180,,,,
178,,,,
183,,,,
178,,,,
181,,,,
177,,,,
178,,,,
175,,,,
177,,,,
174,,,,
174,,,,
175,,,,
174,,,,
173,,,,
172,,,,
172,,,,
170,,,,
175,,,,
169,,,,
169,,,,
170,,,,
170,,,,
169,,,,
169,,,,
169,,,,
169,,,,
168,,,,
169,,,,
169,,,,
169,,,,
164,,,,
170,,,,
167,,,,
166,,,,
169,,,,
167,,,,
167,,,,
170,,,,
171,,,,
166,,,,
170,,,,
166,,,,
169,,,,
169,,,,
170,,,,
173,,,,
171,,,,
170,,,,
170,,,,
174,,,,
171,,,,
169,,,,
174,,,,
170,,,,
171,,,,
171,,,,
168,,,,
172,,,,
171,,,,
172,,,,
170,,,,
172,,,,
170,,,,
172,,,,
172,,,,
170,,,,
170,,,,
172,,,,
174,,,,
172,,,,
173,,,,
173,,,,
173,,,,
173,,,,
173,,,,
171,,,,
172,,,,
171,,,,
173,,,,
168,,,,
172,,,,
171,,,,
170,,,,
171,,,,
169,,,,
168,,,,
169,,,,
170,,,,
169,,,,
169,,,,
169,,,,
167,,,,
171,,,,
168,,,,
167,,,,
168,,,,
167,,,,
169,,,,
169,,,,
167,,,,
169,,,,
166,,,,
167,,,,
168,,,,
165,,,,
164,,,,
167,,,,
165,,,,
165,,,,
166,,,,
165,,,,
162,,,,
165,,,,
163,,,,
163,,,,
166,,,,
159,,,,
164,,,,
161,,,,
164,,,,
164,,,,
161,,,,
162,,,,
162,,,,
161,,,,
160,,,,
162,,,,
162,,,,
158,,,,
162,,,,
161,,,,
160,,,,
160,,,,
162,,,,
158,,,,
158,,,,
161,,,,
160,,,,
159,,,,
157,,,,
158,,,,
160,,,,
157,,,,
158,,,,
156,,,,
160,,,,
157,,,,
155,,,,
155,,,,
156,,,,
156,,,,
154,,,,
157,,,,
154,,,,
156,,,,
155,,,,
157,,,,
153,,,,
156,,,,
153,,,,
156,,,,
157,,,,
152,,,,
160,,,,
152,,,,
154,,,,
153,,,,
151,,,,
154,,,,
153,,,,
155,,,,
152,,,,
153,,,,
154,,,,
152,,,,
153,,,,
155,,,,
149,,,,
153,,,,
153,,,,
151,,,,
155,,,,
153,,,,
150,,,,
150,,,,
150,,,,
154,,,,
152,,,,
150,,,,
151,,,,
153,,,,
151,,,,
152,,,,
150,,,,
151,,,,
150,,,,
153,,,,
151,,,,
151,,,,
150,,,,
152,,,,
151,,,,
153,,,,
153,,,,
151,,,,
155,,,,
156,,,,
161,,,,
182,,,,
225,,,,
218,,,,
219,,,,
232,,,,
229,,,,
224,,,,
227,,,,
234,,,,
235,,,,
243,,,,
242,,,,
244,,,,
237,,,,
244,,,,
248,,,,
249,,,,
252,,,,
249,,,,
244,,,,
254,,,,
256,,,,
258,,,,
247,,,,
263,,,,
260,,,,
266,,,,
265,,,,
259,,,,
258,,,,
263,,,,
257,,,,
263,,,,
267,,,,
270,,,,
261,,,,
258,,,,
263,,,,
269,,,,
264,,,,
266,,,,
258,,,,
263,,,,
262,,,,
276,,,,
266,,,,
260,,,,
259,,,,
267,,,,
272,,,,
265,,,,
271,,,,
268,,,,
261,,,,
272,,,,
266,,,,
275,,,,
273,,,,
279,,,,
279,,,,
282,,,,
289,,,,
298,,,,
295,,,,
293,,,,
303,,,,
303,,,,
306,,,,
312,,,,
318,,,,
317,,,,
328,,,,
323,,,,
341,,,,
339,,,,
340,,,,
340,,,,
351,,,,
358,,,,
355,,,,
369,,,,
372,,,,
377,,,,
376,,,,
381,,,,
388,,,,
389,,,,
391,,,,
404,,,,
408,,,,
407,,,,
403,,,,
412,,,,
401,,,,
404,,,,
389,,,,
360,,,,
270,,,,
296,,,,
280,,,,
272,,,,
278,,,,
270,,,,
262,,,,
260,,,,
254,,,,
252,,,,
244,,,,
243,,,,
238,,,,
234,,,,
230,,,,
227,,,,
221,,,,
220,,,,
219,,,,
215,,,,
213,,,,
211,,,,
208,,,,
205,,,,
203,,,,
203,,,,
199,,,,
198,,,,
198,,,,
193,,,,
194,,,,
193,,,,
190,,,,
188,,,,
185,,,,
187,,,,
185,,,,
183,,,,
183,,,,
182,,,,
181,,,,
181,,,,
178,,,,
179,,,,
175,,,,
177,,,,
178,,,,
177,,,,
175,,,,
176,,,,
171,,,,
176,,,,
171,,,,
175,,,,
171,,,,
172,,,,
170,,,,
169,,,,
169,,,,
173,,,,
170,,,,
170,,,,
170,,,,
168,,,,
170,,,,
169,,,,
170,,,,
166,,,,
168,,,,
170,,,,
167,,,,
170,,,,
168,,,,
170,,,,
171,,,,
165,,,,
168,,,,
167,,,,
167,,,,
168,,,,
168,,,,
171,,,,
168,,,,
171,,,,
169,,,,
171,,,,
170,,,,
168,,,,
171,,,,
167,,,,
172,,,,
169,,,,
174,,,,
168,,,,
170,,,,
172,,,,
171,,,,
171,,,,
170,,,,
169,,,,
172,,,,
168,,,,
168,,,,
173,,,,
174,,,,
170,,,,
175,,,,
172,,,,
175,,,,
171,,,,
174,,,,
172,,,,
172,,,,
172,,,,
170,,,,
172,,,,
173,,,,
174,,,,
171,,,,
171,,,,
170,,,,
170,,,,
170,,,,
170,,,,
171,,,,
170,,,,
173,,,,
169,,,,
168,,,,
169,,,,
169,,,,
168,,,,
169,,,,
165,,,,
167,,,,
168,,,,
168,,,,
166,,,,
167,,,,
168,,,,
163,,,,
166,,,,
168,,,,
166,,,,
165,,,,
167,,,,
166,,,,
166,,,,
166,,,,
164,,,,
165,,,,
168,,,,
163,,,,
166,,,,
164,,,,
163,,,,
165,,,,
161,,,,
166,,,,
163,,,,
162,,,,
161,,,,
159,,,,
162,,,,
164,,,,
159,,,,
163,,,,
160,,,,
160,,,,
161,,,,
159,,,,
160,,,,
160,,,,
160,,,,
157,,,,
158,,,,
162,,,,
157,,,,
158,,,,
160,,,,
160,,,,
156,,,,
158,,,,
154,,,,
158,,,,
157,,,,
158,,,,
156,,,,
158,,,,
153,,,,
156,,,,
157,,,,
157,,,,
157,,,,
157,,,,
156,,,,
155,,,,
154,,,,
154,,,,
155,,,,
155,,,,
157,,,,
154,,,,
153,,,,
157,,,,
155,,,,
154,,,,
154,,,,
153,,,,
152,,,,
155,,,,
155,,,,
154,,,,
152,,,,
153,,,,
153,,,,
152,,,,
152,,,,
150,,,,
151,,,,
153,,,,
151,,,,
152,,,,
151,,,,
152,,,,
157,,,,
149,,,,
152,,,,
152,,,,
154,,,,
150,,,,
151,,,,
153,,,,
152,,,,
150,,,,
152,,,,
150,,,,
152,,,,
152,,,,
151,,,,
153,,,,
151,,,,
154,,,,
157,,,,
154,,,,
166,,,,
191,,,,
234,,,,
215,,,,
222,,,,
232,,,,
226,,,,
232,,,,
231,,,,
239,,,,
241,,,,
231,,,,
241,,,,
233,,,,
249,,,,
235,,,,
246,,,,
244,,,,
250,,,,
251,,,,
253,,,,
246,,,,
256,,,,
248,,,,
257,,,,
254,,,,
260,,,,
259,,,,
260,,,,
260,,,,
263,,,,
265,,,,
260,,,,
270,,,,
263,,,,
267,,,,
268,,,,
265,,,,
265,,,,
268,,,,
272,,,,
268,,,,
268,,,,
266,,,,
261,,,,
266,,,,
263,,,,
265,,,,
268,,,,
264,,,,
268,,,,
260,,,,
268,,,,
270,,,,
264,,,,
262,,,,
278,,,,
271,,,,
273,,,,
285,,,,
278,,,,
283,,,,
288,,,,
292,,,,
291,,,,
297,,,,
301,,,,
304,,,,
310,,,,
317,,,,
314,,,,
321,,,,
324,,,,
325,,,,
338,,,,
340,,,,
340,,,,
351,,,,
355,,,,
356,,,,
359,,,,
361,,,,
365,,,,
372,,,,
380,,,,
384,,,,
384,,,,
397,,,,
397,,,,
393,,,,
405,,,,
411,,,,
411,,,,
412,,,,
408,,,,
398,,,,
389,,,,
320,,,,
275,,,,
300,,,,
267,,,,
280,,,,
272,,,,
269,,,,
262,,,,
255,,,,
252,,,,
247,,,,
244,,,,
241,,,,
236,,,,
232,,,,
231,,,,
226,,,,
222,,,,
220,,,,
216,,,,
215,,,,
210,,,,
210,,,,
208,,,,
202,,,,
202,,,,
200,,,,
198,,,,
198,,,,
196,,,,
194,,,,
192,,,,
192,,,,
191,,,,
186,,,,
189,,,,
186,,,,
187,,,,
183,,,,
183,,,,
183,,,,
180,,,,
179,,,,
182,,,,
178,,,,
176,,,,
177,,,,
175,,,,
175,,,,
175,,,,
173,,,,
174,,,,
176,,,,
172,,,,
171,,,,
172,,,,
170,,,,
171,,,,
170,,,,
170,,,,
169,,,,
170,,,,
169,,,,
171,,,,
170,,,,
170,,,,
167,,,,
169,,,,
168,,,,
170,,,,
168,,,,
166,,,,
169,,,,
166,,,,
170,,,,
168,,,,
168,,,,
168,,,,
169,,,,
170,,,,
167,,,,
170,,,,
170,,,,
169,,,,
169,,,,
172,,,,
170,,,,
170,,,,
171,,,,
167,,,,
171,,,,
171,,,,
172,,,,
172,,,,
169,,,,
172,,,,
168,,,,
173,,,,
168,,,,
170,,,,
171,,,,
171,,,,
171,,,,
170,,,,
172,,,,
172,,,,
170,,,,
171,,,,
172,,,,
172,,,,
171,,,,
172,,,,
172,,,,
172,,,,
173,,,,
170,,,,
170,,,,
172,,,,
171,,,,
171,,,,
170,,,,
169,,,,
169,,,,
170,,,,
170,,,,
170,,,,
169,,,,
170,,,,
169,,,,
171,,,,
167,,,,
171,,,,
167,,,,
168,,,,
170,,,,
167,,,,
167,,,,
165,,,,
167,,,,
171,,,,
165,,,,
167,,,,
167,,,,
164,,,,
167,,,,
164,,,,
168,,,,
162,,,,
166,,,,
166,,,,
163,,,,
165,,,,
164,,,,
165,,,,
167,,,,
160,,,,
164,,,,
161,,,,
163,,,,
160,,,,
164,,,,
161,,,,
163,,,,
159,,,,
163,,,,
162,,,,
161,,,,
161,,,,
159,,,,
159,,,,
159,,,,
159,,,,
162,,,,
156,,,,
159,,,,
161,,,,
157,,,,
160,,,,
159,,,,
158,,,,
158,,,,
158,,,,
161,,,,
155,,,,
160,,,,
155,,,,
156,,,,
157,,,,
158,,,,
156,,,,
156,,,,
156,,,,
159,,,,
154,,,,
154,,,,
158,,,,
154,,,,
153,,,,
157,,,,
153,,,,
156,,,,
155,,,,
153,,,,
154,,,,
155,,,,
156,,,,
151,,,,
158,,,,
153,,,,
154,,,,
151,,,,
154,,,,
151,,,,
153,,,,
150,,,,
153,,,,
155,,,,
151,,,,
154,,,,
153,,,,
153,,,,
153,,,,
150,,,,
151,,,,
151,,,,
152,,,,
151,,,,
151,,,,
154,,,,
152,,,,
152,,,,
156,,,,
151,,,,
154,,,,
154,,,,
151,,,,
152,,,,
152,,,,
151,,,,
151,,,,
151,,,,
152,,,,
152,,,,
151,,,,
151,,,,
153,,,,
161,,,,
177,,,,
215,,,,
231,,,,
217,,,,
224,,,,
228,,,,
227,,,,
234,,,,
232,,,,
231,,,,
242,,,,
236,,,,
249,,,,
242,,,,
244,,,,
245,,,,
245,,,,
255,,,,
242,,,,
256,,,,
253,,,,
249,,,,
252,,,,
257,,,,
256,,,,
256,,,,
264,,,,
256,,,,
268,,,,
263,,,,
265,,,,
257,,,,
266,,,,
263,,,,
266,,,,
263,,,,
265,,,,
263,,,,
266,,,,
266,,,,
261,,,,
267,,,,
265,,,,
263,,,,
264,,,,
260,,,,
265,,,,
266,,,,
262,,,,
266,,,,
264,,,,
261,,,,
266,,,,
265,,,,
270,,,,
265,,,,
270,,,,
270,,,,
280,,,,
278,,,,
283,,,,
281,,,,
291,,,,
296,,,,
297,,,,
298,,,,
309,,,,
307,,,,
310,,,,
318,,,,
325,,,,
322,,,,
325,,,,
329,,,,
341,,,,
334,,,,
349,,,,
351,,,,
346,,,,
362,,,,
359,,,,
365,,,,
370,,,,
370,,,,
381,,,,
379,,,,
396,,,,
391,,,,
396,,,,
400,,,,
398,,,,
401,,,,
404,,,,
403,,,,
394,,,,
390,,,,
347,,,,
264,,,,
301,,,,
272,,,,
274,,,,
275,,,,
267,,,,
265,,,,
255,,,,
253,,,,
246,,,,
243,,,,
241,,,,
237,,,,
232,,,,
228,,,,
224,,,,
219,,,,
222,,,,
216,,,,
216,,,,
211,,,,
210,,,,
206,,,,
204,,,,
206,,,,
203,,,,
198,,,,
196,,,,
194,,,,
195,,,,
191,,,,
193,,,,
188,,,,
190,,,,
188,,,,
186,,,,
186,,,,
184,,,,
184,,,,
182,,,,
180,,,,
177,,,,
181,,,,
177,,,,
176,,,,
178,,,,
177,,,,
172,,,,
178,,,,
173,,,,
172,,,,
172,,,,
172,,,,
172,,,,
172,,,,
174,,,,
170,,,,
169,,,,
171,,,,
172,,,,
169,,,,
170,,,,
171,,,,
171,,,,
169,,,,
169,,,,
166,,,,
170,,,,
166,,,,
170,,,,
170,,,,
164,,,,
171,,,,
165,,,,
170,,,,
167,,,,
169,,,,
168,,,,
170,,,,
169,,,,
168,,,,
170,,,,
167,,,,
172,,,,
170,,,,
171,,,,
172,,,,
172,,,,
170,,,,
173,,,,
170,,,,
172,,,,
170,,,,
172,,,,
170,,,,
172,,,,
171,,,,
171,,,,
168,,,,
172,,,,
173,,,,
171,,,,
171,,,,
169,,,,
168,,,,
173,,,,
171,,,,
173,,,,
172,,,,
172,,,,
172,,,,
174,,,,
169,,,,
173,,,,
172,,,,
173,,,,
170,,,,
172,,,,
170,,,,
176,,,,
170,,,,
170,,,,
170,,,,
169,,,,
170,,,,
169,,,,
171,,,,
169,,,,
170,,,,
168,,,,
170,,,,
170,,,,
167,,,,
170,,,,
170,,,,
166,,,,
168,,,,
165,,,,
165,,,,
169,,,,
166,,,,
167,,,,
165,,,,
167,,,,
164,,,,
167,,,,
166,,,,
166,,,,
164,,,,
164,,,,
163,,,,
163,,,,
165,,,,
162,,,,
163,,,,
166,,,,
162,,,,
162,,,,
161,,,,
161,,,,
161,,,,
163,,,,
162,,,,
159,,,,
160,,,,
162,,,,
160,,,,
160,,,,
160,,,,
159,,,,
160,,,,
160,,,,
158,,,,
159,,,,
160,,,,
160,,,,
157,,,,
158,,,,
160,,,,
157,,,,
157,,,,
160,,,,
156,,,,
157,,,,
157,,,,
158,,,,
155,,,,
156,,,,
157,,,,
160,,,,
153,,,,
154,,,,
157,,,,
155,,,,
154,,,,
156,,,,
155,,,,
156,,,,
155,,,,
152,,,,
154,,,,
153,,,,
154,,,,
155,,,,
153,,,,
152,,,,
157,,,,
153,,,,
154,,,,
155,,,,
154,,,,
155,,,,
152,,,,
151,,,,
151,,,,
153,,,,
153,,,,
155,,,,
151,,,,
153,,,,
154,,,,
152,,,,
152,,,,
151,,,,
149,,,,
152,,,,
150,,,,
150,,,,
152,,,,
149,,,,
154,,,,
151,,,,
151,,,,
149,,,,
151,,,,
152,,,,
152,,,,
150,,,,
150,,,,
152,,,,
151,,,,
154,,,,
151,,,,
156,,,,
154,,,,
159,,,,
178,,,,
219,,,,
215,,,,
220,,,,
225,,,,
223,,,,
231,,,,
233,,,,
235,,,,
241,,,,
233,,,,
246,,,,
238,,,,
246,,,,
240,,,,
252,,,,
243,,,,
248,,,,
243,,,,
252,,,,
248,,,,
257,,,,
251,,,,
249,,,,
251,,,,
255,,,,
259,,,,
266,,,,
258,,,,
254,,,,
264,,,,
256,,,,
266,,,,
260,,,,
268,,,,
264,,,,
263,,,,
270,,,,
272,,,,
266,,,,
269,,,,
268,,,,
270,,,,
263,,,,
270,,,,
266,,,,
268,,,,
268,,,,
267,,,,
264,,,,
266,,,,
266,,,,
256,,,,
261,,,,
265,,,,
265,,,,
268,,,,
275,,,,
278,,,,
278,,,,
287,,,,
286,,,,
289,,,,
292,,,,
302,,,,
293,,,,
296,,,,
307,,,,
320,,,,
322,,,,
325,,,,
319,,,,
326,,,,
332,,,,
330,,,,
346,,,,
344,,,,
351,,,,
354,,,,
355,,,,
368,,,,
371,,,,
364,,,,
371,,,,
379,,,,
390,,,,
382,,,,
400,,,,
398,,,,
392,,,,
403,,,,
410,,,,
410,,,,
408,,,,
407,,,,
391,,,,
371,,,,
277,,,,
294,,,,
283,,,,
272,,,,
279,,,,
263,,,,
264,,,,
258,,,,
253,,,,
249,,,,
246,,,,
241,,,,
238,,,,
234,,,,
230,,,,
225,,,,
224,,,,
221,,,,
219,,,,
216,,,,
212,,,,
211,,,,
206,,,,
207,,,,
205,,,,
202,,,,
200,,,,
200,,,,
197,,,,
195,,,,
192,,,,
192,,,,
189,,,,
190,,,,
189,,,,
186,,,,
186,,,,
186,,,,
182,,,,
186,,,,
180,,,,
180,,,,
180,,,,
180,,,,
178,,,,
178,,,,
178,,,,
174,,,,
175,,,,
172,,,,
174,,,,
174,,,,
174,,,,
172,,,,
174,,,,
171,,,,
170,,,,
173,,,,
172,,,,
169,,,,
169,,,,
168,,,,
170,,,,
168,,,,
169,,,,
168,,,,
170,,,,
170,,,,
169,,,,
167,,,,
170,,,,
170,,,,
168,,,,
167,,,,
170,,,,
166,,,,
169,,,,
170,,,,
172,,,,
169,,,,
166,,,,
170,,,,
169,,,,
168,,,,
170,,,,
170,,,,
169,,,,
171,,,,
170,,,,
170,,,,
172,,,,
170,,,,
170,,,,
171,,,,
172,,,,
171,,,,
169,,,,
171,,,,
172,,,,
170,,,,
170,,,,
170,,,,
172,,,,
173,,,,
173,,,,
173,,,,
174,,,,
173,,,,
173,,,,
174,,,,
175,,,,
176,,,,
171,,,,
175,,,,
172,,,,
173,,,,
174,,,,
172,,,,
175,,,,
173,,,,
175,,,,
173,,,,
172,,,,
173,,,,
174,,,,
172,,,,
174,,,,
174,,,,
171,,,,
173,,,,
170,,,,
173,,,,
174,,,,
171,,,,
174,,,,
174,,,,
168,,,,
173,,,,
172,,,,
169,,,,
173,,,,
171,,,,
169,,,,
169,,,,
173,,,,
169,,,,
170,,,,
169,,,,
171,,,,
171,,,,
168,,,,
170,,,,
169,,,,
167,,,,
169,,,,
165,,,,
168,,,,
172,,,,
164,,,,
167,,,,
164,,,,
170,,,,
166,,,,
168,,,,
170,,,,
165,,,,
167,,,,
168,,,,
165,,,,
165,,,,
164,,,,
163,,,,
165,,,,
164,,,,
165,,,,
165,,,,
164,,,,
167,,,,
164,,,,
163,,,,
165,,,,
164,,,,
166,,,,
165,,,,
162,,,,
163,,,,
166,,,,
161,,,,
165,,,,
163,,,,
165,,,,
164,,,,
161,,,,
164,,,,
164,,,,
163,,,,
161,,,,
163,,,,
163,,,,
164,,,,
160,,,,
159,,,,
162,,,,
163,,,,
159,,,,
162,,,,
160,,,,
160,,,,
163,,,,
160,,,,
162,,,,
159,,,,
161,,,,
162,,,,
158,,,,
163,,,,
157,,,,
160,,,,
157,,,,
162,,,,
160,,,,
159,,,,
157,,,,
160,,,,
158,,,,
160,,,,
156,,,,
158,,,,
158,,,,
157,,,,
161,,,,
158,,,,
156,,,,
159,,,,
160,,,,
159,,,,
158,,,,
156,,,,
159,,,,
159,,,,
157,,,,
153,,,,
158,,,,
158,,,,
156,,,,
156,,,,
155,,,,
161,,,,
154,,,,
158,,,,
153,,,,
158,,,,
157,,,,
157,,,,
155,,,,
157,,,,
156,,,,
156,,,,
157,,,,
155,,,,
156,,,,
160,,,,
156,,,,
155,,,,
162,,,,
152,,,,
158,,,,
155,,,,
156,,,,
157,,,,
152,,,,
154,,,,
153,,,,
158,,,,
155,,,,
153,,,,
156,,,,
157,,,,
154,,,,
159,,,,
157,,,,
152,,,,
155,,,,
155,,,,
155,,,,
152,,,,
155,,,,
155,,,,
153,,,,
156,,,,
158,,,,
152,,,,
154,,,,
157,,,,
152,,,,
156,,,,
154,,,,
151,,,,
154,,,,
151,,,,
154,,,,
154,,,,
153,,,,
155,,,,
151,,,,
153,,,,
151,,,,
155,,,,
153,,,,
151,,,,
153,,,,
152,,,,
154,,,,
156,,,,
154,,,,
151,,,,
156,,,,
152,,,,
149,,,,
155,,,,
153,,,,
153,,,,
155,,,,
149,,,,
153,,,,
151,,,,
154,,,,
151,,,,
153,,,,
154,,,,
153,,,,
150,,,,
153,,,,
155,,,,
154,,,,
152,,,,
153,,,,
151,,,,
153,,,,
153,,,,
152,,,,
154,,,,
153,,,,
153,,,,
156,,,,
151,,,,
155,,,,
152,,,,
155,,,,
151,,,,
148,,,,
154,,,,
151,,,,
152,,,,
155,,,,
151,,,,
150,,,,
154,,,,
150,,,,
153,,,,
154,,,,
151,,,,
152,,,,
154,,,,
151,,,,
149,,,,
153,,,,
154,,,,
151,,,,
152,,,,
152,,,,
151,,,,
154,,,,
151,,,,
155,,,,
149,,,,
157,,,,
150,,,,
153,,,,
151,,,,
153,,,,
153,,,,
151,,,,
152,,,,
153,,,,
155,,,,
149,,,,
154,,,,
151,,,,
153,,,,
152,,,,
151,,,,
152,,,,
153,,,,
153,,,,
154,,,,
155,,,,
154,,,,
154,,,,
154,,,,
152,,,,
154,,,,
152,,,,
150,,,,
157,,,,
154,,,,
149,,,,
157,,,,
152,,,,
153,,,,
154,,,,
154,,,,
154,,,,
154,,,,
150,,,,
156,,,,
152,,,,
155,,,,
154,,,,
156,,,,
155,,,,
158,,,,
154,,,,
154,,,,
156,,,,
157,,,,
160,,,,
178,,,,
197,,,,
240,,,,
217,,,,
226,,,,
226,,,,
230,,,,
232,,,,
228,,,,
236,,,,
231,,,,
242,,,,
237,,,,
244,,,,
253,,,,
249,,,,
256,,,,
248,,,,
250,,,,
248,,,,
251,,,,
253,,,,
259,,,,
254,,,,
264,,,,
248,,,,
258,,,,
260,,,,
255,,,,
254,,,,
266,,,,
273,,,,
269,,,,
264,,,,
265,,,,
267,,,,
265,,,,
263,,,,
271,,,,
268,,,,
273,,,,
274,,,,
269,,,,
268,,,,
271,,,,
270,,,,
278,,,,
263,,,,
264,,,,
262,,,,
267,,,,
262,,,,
259,,,,
267,,,,
262,,,,
264,,,,
270,,,,
277,,,,
278,,,,
273,,,,
281,,,,
289,,,,
277,,,,
290,,,,
290,,,,
300,,,,
290,,,,
300,,,,
305,,,,
312,,,,
318,,,,
315,,,,
326,,,,
326,,,,
322,,,,
336,,,,
335,,,,
346,,,,
354,,,,
354,,,,
347,,,,
366,,,,
361,,,,
368,,,,
373,,,,
383,,,,
378,,,,
384,,,,
384,,,,
409,,,,
393,,,,
394,,,,
400,,,,
395,,,,
395,,,,
383,,,,
336,,,,
273,,,,
315,,,,
283,,,,
292,,,,
288,,,,
279,,,,
275,,,,
271,,,,
266,,,,
264,,,,
257,,,,
252,,,,
250,,,,
247,,,,
241,,,,
239,,,,
238,,,,
232,,,,
231,,,,
228,,,,
227,,,,
224,,,,
220,,,,
220,,,,
216,,,,
216,,,,
212,,,,
212,,,,
210,,,,
207,,,,
207,,,,
202,,,,
203,,,,
202,,,,
200,,,,
199,,,,
198,,,,
196,,,,
196,,,,
194,,,,
191,,,,
192,,,,
192,,,,
190,,,,
188,,,,
191,,,,
185,,,,
188,,,,
185,,,,
184,,,,
186,,,,
184,,,,
186,,,,
181,,,,
188,,,,
179,,,,
186,,,,
181,,,,
181,,,,
181,,,,
178,,,,
180,,,,
179,,,,
178,,,,
179,,,,
177,,,,
178,,,,
178,,,,
178,,,,
174,,,,
178,,,,
174,,,,
176,,,,
177,,,,
174,,,,
174,,,,
177,,,,
172,,,,
175,,,,
173,,,,
172,,,,
173,,,,
171,,,,
175,,,,
175,,,,
171,,,,
174,,,,
173,,,,
173,,,,
175,,,,
173,,,,
172,,,,
174,,,,
177,,,,
168,,,,
174,,,,
172,,,,
174,,,,
172,,,,
171,,,,
175,,,,
172,,,,
174,,,,
176,,,,
174,,,,
174,,,,
174,,,,
176,,,,
173,,,,
174,,,,
177,,,,
176,,,,
175,,,,
172,,,,
177,,,,
176,,,,
176,,,,
176,,,,
175,,,,
178,,,,
173,,,,
177,,,,
174,,,,
179,,,,
174,,,,
176,,,,
176,,,,
174,,,,
177,,,,
174,,,,
176,,,,
176,,,,
176,,,,
177,,,,
174,,,,
176,,,,
176,,,,
176,,,,
177,,,,
178,,,,
177,,,,
176,,,,
176,,,,
178,,,,
177,,,,
180,,,,
177,,,,
175,,,,
178,,,,
176,,,,
177,,,,
177,,,,
176,,,,
178,,,,
176,,,,
179,,,,
177,,,,
174,,,,
176,,,,
175,,,,
177,,,,
174,,,,
176,,,,
175,,,,
175,,,,
173,,,,
174,,,,
178,,,,
176,,,,
173,,,,
176,,,,
173,,,,
175,,,,
173,,,,
172,,,,
174,,,,
173,,,,
173,,,,
172,,,,
172,,,,
174,,,,
171,,,,
174,,,,
172,,,,
171,,,,
172,,,,
170,,,,
169,,,,
173,,,,
170,,,,
169,,,,
173,,,,
168,,,,
172,,,,
174,,,,
169,,,,
168,,,,
168,,,,
173,,,,
168,,,,
170,,,,
170,,,,
169,,,,
169,,,,
169,,,,
167,,,,
167,,,,
170,,,,
165,,,,
169,,,,
164,,,,
168,,,,
166,,,,
167,,,,
169,,,,
166,,,,
167,,,,
168,,,,
166,,,,
166,,,,
166,,,,
168,,,,
164,,,,
167,,,,
168,,,,
168,,,,
162,,,,
167,,,,
167,,,,
164,,,,
164,,,,
165,,,,
162,,,,
164,,,,
163,,,,
164,,,,
161,,,,
162,,,,
164,,,,
163,,,,
164,,,,
163,,,,
161,,,,
161,,,,
164,,,,
165,,,,
162,,,,
162,,,,
164,,,,
163,,,,
164,,,,
163,,,,
161,,,,
164,,,,
161,,,,
162,,,,
161,,,,
162,,,,
162,,,,
161,,,,
160,,,,
161,,,,
166,,,,
157,,,,
163,,,,
161,,,,
159,,,,
162,,,,
159,,,,
159,,,,
162,,,,
159,,,,
161,,,,
159,,,,
162,,,,
161,,,,
161,,,,
157,,,,
159,,,,
157,,,,
162,,,,
159,,,,
159,,,,
158,,,,
158,,,,
158,,,,
158,,,,
159,,,,
155,,,,
159,,,,
158,,,,
157,,,,
159,,,,
160,,,,
156,,,,
156,,,,
160,,,,
158,,,,
157,,,,
157,,,,
159,,,,
158,,,,
159,,,,
159,,,,
154,,,,
156,,,,
161,,,,
156,,,,
155,,,,
155,,,,
157,,,,
157,,,,
155,,,,
157,,,,
157,,,,
160,,,,
157,,,,
157,,,,
153,,,,
158,,,,
153,,,,
158,,,,
154,,,,
154,,,,
157,,,,
157,,,,
155,,,,
156,,,,
158,,,,
155,,,,
155,,,,
155,,,,
151,,,,
155,,,,
158,,,,
154,,,,
153,,,,
157,,,,
152,,,,
157,,,,
155,,,,
158,,,,
151,,,,
154,,,,
156,,,,
154,,,,
152,,,,
156,,,,
155,,,,
153,,,,
156,,,,
154,,,,
155,,,,
155,,,,
152,,,,
155,,,,
156,,,,
152,,,,
153,,,,
153,,,,
152,,,,
154,,,,
154,,,,
156,,,,
155,,,,
151,,,,
155,,,,
155,,,,
154,,,,
155,,,,
155,,,,
152,,,,
155,,,,
151,,,,
153,,,,
154,,,,
153,,,,
157,,,,
151,,,,
154,,,,
157,,,,
151,,,,
155,,,,
153,,,,
155,,,,
152,,,,
152,,,,
155,,,,
151,,,,
151,,,,
153,,,,
153,,,,
150,,,,
152,,,,
154,,,,
153,,,,
151,,,,
153,,,,
154,,,,
153,,,,
152,,,,
152,,,,
154,,,,
155,,,,
153,,,,
156,,,,
150,,,,
154,,,,
153,,,,
149,,,,
150,,,,
152,,,,
155,,,,
149,,,,
149,,,,
152,,,,
154,,,,
153,,,,
150,,,,
153,,,,
153,,,,
152,,,,
154,,,,
149,,,,
153,,,,
151,,,,
153,,,,
155,,,,
151,,,,
152,,,,
153,,,,
154,,,,
152,,,,
152,,,,
154,,,,
151,,,,
150,,,,
154,,,,
153,,,,
153,,,,
149,,,,
157,,,,
152,,,,
158,,,,
152,,,,
151,,,,
151,,,,
152,,,,
151,,,,
150,,,,
155,,,,
151,,,,
154,,,,
151,,,,
153,,,,
149,,,,
153,,,,
150,,,,
153,,,,
152,,,,
150,,,,
150,,,,
153,,,,
154,,,,
155,,,,
151,,,,
153,,,,
152,,,,
153,,,,
151,,,,
153,,,,
150,,,,
153,,,,
153,,,,
153,,,,
155,,,,
149,,,,
153,,,,
152,,,,
154,,,,
152,,,,
153,,,,
151,,,,
157,,,,
154,,,,
152,,,,
151,,,,
154,,,,
155,,,,
151,,,,
153,,,,
156,,,,
151,,,,
155,,,,
152,,,,
152,,,,
155,,,,
152,,,,
154,,,,
154,,,,
156,,,,
149,,,,
154,,,,
153,,,,
151,,,,
156,,,,
153,,,,
152,,,,
157,,,,
154,,,,
153,,,,
153,,,,
155,,,,
154,,,,
157,,,,
152,,,,
155,,,,
154,,,,
155,,,,
152,,,,
154,,,,
156,,,,
156,,,,
152,,,,
156,,,,
155,,,,
153,,,,
157,,,,
153,,,,
158,,,,
154,,,,
153,,,,
153,,,,
154,,,,
154,,,,
158,,,,
157,,,,
152,,,,
154,,,,
153,,,,
154,,,,
151,,,,
156,,,,
154,,,,
155,,,,
156,,,,
154,,,,
159,,,,
154,,,,
159,,,,
155,,,,
155,,,,
155,,,,
151,,,,
157,,,,
155,,,,
157,,,,
157,,,,
155,,,,
158,,,,
157,,,,
156,,,,
156,,,,
161,,,,
155,,,,
157,,,,
154,,,,
153,,,,
155,,,,
155,,,,
156,,,,
157,,,,
156,,,,
162,,,,
156,,,,
152,,,,
158,,,,
161,,,,
156,,,,
157,,,,
160,,,,
156,,,,
156,,,,
157,,,,
157,,,,
157,,,,
156,,,,
156,,,,
161,,,,
153,,,,
161,,,,
156,,,,
158,,,,
160,,,,
154,,,,
158,,,,
156,,,,
159,,,,
153,,,,
159,,,,
155,,,,
158,,,,
156,,,,
161,,,,
155,,,,
160,,,,
158,,,,
157,,,,
156,,,,
160,,,,
160,,,,
159,,,,
160,,,,
158,,,,
162,,,,
158,,,,
163,,,,
159,,,,
162,,,,
159,,,,
158,,,,
164,,,,
166,,,,
174,,,,
201,,,,
237,,,,
217,,,,
233,,,,
241,,,,
239,,,,
243,,,,
239,,,,
236,,,,
235,,,,
248,,,,
246,,,,
253,,,,
247,,,,
249,,,,
254,,,,
249,,,,
256,,,,
254,,,,
255,,,,
259,,,,
259,,,,
259,,,,
256,,,,
259,,,,
264,,,,
260,,,,
266,,,,
260,,,,
273,,,,
263,,,,
264,,,,
264,,,,
268,,,,
271,,,,
270,,,,
268,,,,
277,,,,
264,,,,
279,,,,
263,,,,
274,,,,
269,,,,
265,,,,
271,,,,
272,,,,
274,,,,
266,,,,
264,,,,
273,,,,
275,,,,
272,,,,
264,,,,
273,,,,
277,,,,
271,,,,
284,,,,
276,,,,
282,,,,
285,,,,
291,,,,
298,,,,
290,,,,
300,,,,
305,,,,
308,,,,
316,,,,
308,,,,
316,,,,
326,,,,
328,,,,
338,,,,
336,,,,
345,,,,
344,,,,
342,,,,
363,,,,
359,,,,
366,,,,
374,,,,
372,,,,
375,,,,
374,,,,
387,,,,
389,,,,
390,,,,
394,,,,
394,,,,
405,,,,
403,,,,
396,,,,
393,,,,
378,,,,
290,,,,
299,,,,
304,,,,
282,,,,
294,,,,
283,,,,
279,,,,
274,,,,
273,,,,
262,,,,
263,,,,
257,,,,
253,,,,
251,,,,
247,,,,
241,,,,
241,,,,
237,,,,
235,,,,
231,,,,
228,,,,
227,,,,
224,,,,
223,,,,
218,,,,
219,,,,
215,,,,
215,,,,
212,,,,
211,,,,
207,,,,
208,,,,
206,,,,
205,,,,
200,,,,
203,,,,
199,,,,
200,,,,
198,,,,
194,,,,
195,,,,
193,,,,
194,,,,
190,,,,
192,,,,
188,,,,
189,,,,
189,,,,
189,,,,
187,,,,
187,,,,
185,,,,
187,,,,
184,,,,
187,,,,
184,,,,
182,,,,
181,,,,
182,,,,
182,,,,
179,,,,
182,,,,
180,,,,
180,,,,
179,,,,
178,,,,
180,,,,
179,,,,
178,,,,
176,,,,
181,,,,
177,,,,
178,,,,
176,,,,
176,,,,
177,,,,
176,,,,
176,,,,
177,,,,
175,,,,
175,,,,
176,,,,
175,,,,
176,,,,
175,,,,
172,,,,
179,,,,
174,,,,
173,,,,
173,,,,
176,,,,
174,,,,
172,,,,
173,,,,
173,,,,
172,,,,
177,,,,
172,,,,
174,,,,
174,,,,
176,,,,
175,,,,
177,,,,
174,,,,
174,,,,
171,,,,
175,,,,
174,,,,
174,,,,
174,,,,
174,,,,
176,,,,
175,,,,
175,,,,
175,,,,
177,,,,
175,,,,
178,,,,
174,,,,
177,,,,
174,,,,
178,,,,
180,,,,
175,,,,
177,,,,
176,,,,
175,,,,
177,,,,
175,,,,
176,,,,
173,,,,
179,,,,
176,,,,
178,,,,
175,,,,
180,,,,
175,,,,
177,,,,
178,,,,
176,,,,
176,,,,
178,,,,
176,,,,
182,,,,
175,,,,
178,,,,
179,,,,
180,,,,
178,,,,
180,,,,
176,,,,
177,,,,
177,,,,
178,,,,
179,,,,
178,,,,
179,,,,
176,,,,
179,,,,
177,,,,
183,,,,
176,,,,
176,,,,
181,,,,
175,,,,
179,,,,
175,,,,
177,,,,
177,,,,
176,,,,
177,,,,
177,,,,
175,,,,
176,,,,
178,,,,
177,,,,
175,,,,
177,,,,
173,,,,
179,,,,
174,,,,
174,,,,
172,,,,
174,,,,
175,,,,
172,,,,
179,,,,
174,,,,
174,,,,
171,,,,
174,,,,
174,,,,
170,,,,
173,,,,
170,,,,
174,,,,
174,,,,
172,,,,
173,,,,
169,,,,
174,,,,
171,,,,
171,,,,
171,,,,
175,,,,
170,,,,
171,,,,
170,,,,
170,,,,
170,,,,
172,,,,
171,,,,
170,,,,
171,,,,
168,,,,
169,,,,
167,,,,
170,,,,
168,,,,
169,,,,
166,,,,
170,,,,
167,,,,
167,,,,
168,,,,
170,,,,
168,,,,
166,,,,
169,,,,
164,,,,
168,,,,
167,,,,
167,,,,
165,,,,
165,,,,
165,,,,
168,,,,
165,,,,
165,,,,
165,,,,
164,,,,
166,,,,
166,,,,
164,,,,
166,,,,
166,,,,
167,,,,
163,,,,
169,,,,
164,,,,
166,,,,
163,,,,
164,,,,
160,,,,
166,,,,
161,,,,
167,,,,
161,,,,
167,,,,
164,,,,
162,,,,
164,,,,
162,,,,
163,,,,
163,,,,
162,,,,
162,,,,
164,,,,
161,,,,
162,,,,
162,,,,
162,,,,
159,,,,
164,,,,
159,,,,
164,,,,
163,,,,
160,,,,
164,,,,
159,,,,
164,,,,
161,,,,
165,,,,
160,,,,
162,,,,
159,,,,
160,,,,
159,,,,
160,,,,
162,,,,
160,,,,
159,,,,
158,,,,
162,,,,
159,,,,
163,,,,
164,,,,
159,,,,
158,,,,
159,,,,
162,,,,
160,,,,
157,,,,
159,,,,
158,,,,
159,,,,
160,,,,
155,,,,
159,,,,
159,,,,
157,,,,
158,,,,
161,,,,
157,,,,
158,,,,
157,,,,
158,,,,
157,,,,
158,,,,
158,,,,
157,,,,
156,,,,
158,,,,
159,,,,
155,,,,
155,,,,
157,,,,
157,,,,
156,,,,
156,,,,
156,,,,
157,,,,
158,,,,
158,,,,
157,,,,
157,,,,
155,,,,
156,,,,
159,,,,
160,,,,
155,,,,
159,,,,
157,,,,
155,,,,
158,,,,
156,,,,
158,,,,
153,,,,
155,,,,
157,,,,
156,,,,
157,,,,
152,,,,
154,,,,
156,,,,
154,,,,
154,,,,
158,,,,
153,,,,
160,,,,
153,,,,
155,,,,
154,,,,
155,,,,
155,,,,
155,,,,
154,,,,
156,,,,
154,,,,
157,,,,
156,,,,
155,,,,
155,,,,
152,,,,
156,,,,
154,,,,
158,,,,
155,,,,
152,,,,
154,,,,
155,,,,
152,,,,
160,,,,
157,,,,
158,,,,
154,,,,
156,,,,
152,,,,
156,,,,
155,,,,
154,,,,
155,,,,
152,,,,
155,,,,
154,,,,
150,,,,
157,,,,
153,,,,
154,,,,
153,,,,
155,,,,
152,,,,
156,,,,
148,,,,
155,,,,
152,,,,
151,,,,
153,,,,
155,,,,
152,,,,
155,,,,
153,,,,
153,,,,
155,,,,
151,,,,
155,,,,
152,,,,
152,,,,
152,,,,
154,,,,
150,,,,
154,,,,
157,,,,
152,,,,
153,,,,
152,,,,
154,,,,
155,,,,
150,,,,
152,,,,
156,,,,
153,,,,
154,,,,
155,,,,
154,,,,
154,,,,
152,,,,
154,,,,
151,,,,
151,,,,
153,,,,
154,,,,
151,,,,
153,,,,
153,,,,
152,,,,
156,,,,
150,,,,
153,,,,
157,,,,
151,,,,
152,,,,
150,,,,
152,,,,
153,,,,
151,,,,
152,,,,
153,,,,
151,,,,
151,,,,
153,,,,
152,,,,
150,,,,
154,,,,
152,,,,
152,,,,
150,,,,
152,,,,
157,,,,
150,,,,
152,,,,
155,,,,
153,,,,
157,,,,
148,,,,
153,,,,
150,,,,
153,,,,
152,,,,
152,,,,
154,,,,
152,,,,
152,,,,
152,,,,
154,,,,
152,,,,
150,,,,
155,,,,
151,,,,
153,,,,
152,,,,
152,,,,
150,,,,
152,,,,
154,,,,
154,,,,
153,,,,
151,,,,
155,,,,
151,,,,
153,,,,
152,,,,
155,,,,
149,,,,
155,,,,
154,,,,
153,,,,
152,,,,
155,,,,
155,,,,
153,,,,
155,,,,
153,,,,
152,,,,
151,,,,
155,,,,
156,,,,
152,,,,
152,,,,
152,,,,
156,,,,
151,,,,
153,,,,
156,,,,
150,,,,
150,,,,
154,,,,
153,,,,
154,,,,
152,,,,
155,,,,
155,,,,
155,,,,
153,,,,
152,,,,
153,,,,
156,,,,
149,,,,
156,,,,
154,,,,
156,,,,
154,,,,
155,,,,
154,,,,
157,,,,
154,,,,
157,,,,
151,,,,
157,,,,
152,,,,
154,,,,
156,,,,
154,,,,
152,,,,
152,,,,
153,,,,
156,,,,
152,,,,
151,,,,
155,,,,
152,,,,
155,,,,
152,,,,
155,,,,
153,,,,
155,,,,
155,,,,
153,,,,
156,,,,
154,,,,
154,,,,
160,,,,
160,,,,
152,,,,
154,,,,
153,,,,
158,,,,
152,,,,
157,,,,
158,,,,
154,,,,
154,,,,
152,,,,
155,,,,
153,,,,
155,,,,
151,,,,
158,,,,
154,,,,
157,,,,
153,,,,
155,,,,
154,,,,
153,,,,
155,,,,
153,,,,
156,,,,
154,,,,
155,,,,
155,,,,
153,,,,
155,,,,
156,,,,
156,,,,
156,,,,
157,,,,
149,,,,
155,,,,
153,,,,
156,,,,
155,,,,
155,,,,
154,,,,
154,,,,
156,,,,
156,,,,
154,,,,
154,,,,
158,,,,
154,,,,
155,,,,
152,,,,
156,,,,
156,,,,
153,,,,
152,,,,
152,,,,
155,,,,
157,,,,
154,,,,
156,,,,
155,,,,
155,,,,
153,,,,
156,,,,
154,,,,
157,,,,
154,,,,
156,,,,
157,,,,
158,,,,
153,,,,
158,,,,
157,,,,
154,,,,
155,,,,
154,,,,
156,,,,
154,,,,
158,,,,
154,,,,
161,,,,
154,,,,
158,,,,
162,,,,
157,,,,
154,,,,
156,,,,
155,,,,
155,,,,
152,,,,
157,,,,
156,,,,
153,,,,
156,,,,
158,,,,
153,,,,
157,,,,
152,,,,
154,,,,
156,,,,
158,,,,
152,,,,
159,,,,
154,,,,
155,,,,
155,,,,
154,,,,
156,,,,
154,,,,
156,,,,
155,,,,
156,,,,
157,,,,
158,,,,
155,,,,
159,,,,
153,,,,
154,,,,
159,,,,
157,,,,
155,,,,
157,,,,
157,,,,
157,,,,
155,,,,
156,,,,
153,,,,
161,,,,
154,,,,
156,,,,
155,,,,
157,,,,
154,,,,
157,,,,
156,,,,
160,,,,
154,,,,
159,,,,
159,,,,
156,,,,
155,,,,
156,,,,
156,,,,
154,,,,
158,,,,
153,,,,
156,,,,
156,,,,
155,,,,
156,,,,
160,,,,
156,,,,
158,,,,
159,,,,
154,,,,
158,,,,
155,,,,
160,,,,
157,,,,
157,,,,
155,,,,
160,,,,
161,,,,
157,,,,
159,,,,
154,,,,
160,,,,
156,,,,
159,,,,
158,,,,
159,,,,
156,,,,
156,,,,
159,,,,
158,,,,
156,,,,
157,,,,
157,,,,
156,,,,
160,,,,
159,,,,
158,,,,
156,,,,
157,,,,
156,,,,
160,,,,
157,,,,
157,,,,
160,,,,
156,,,,
154,,,,
160,,,,
158,,,,
159,,,,
159,,,,
160,,,,
163,,,,
157,,,,
161,,,,
156,,,,
159,,,,
155,,,,
158,,,,
160,,,,
156,,,,
156,,,,
157,,,,
158,,,,
156,,,,
162,,,,
157,,,,
158,,,,
157,,,,
159,,,,
156,,,,
159,,,,
155,,,,
155,,,,
157,,,,
158,,,,
156,,,,
155,,,,
158,,,,
155,,,,
163,,,,
155,,,,
156,,,,
159,,,,
161,,,,
157,,,,
154,,,,
159,,,,
156,,,,
154,,,,
161,,,,
159,,,,
153,,,,
153,,,,
155,,,,
161,,,,
155,,,,
160,,,,
152,,,,
158,,,,
156,,,,
157,,,,
152,,,,
161,,,,
155,,,,
158,,,,
152,,,,
158,,,,
155,,,,
156,,,,
155,,,,
157,,,,
155,,,,
154,,,,
161,,,,
154,,,,
160,,,,
154,,,,
157,,,,
156,,,,
155,,,,
157,,,,
156,,,,
155,,,,
158,,,,
154,,,,
157,,,,
160,,,,
157,,,,
153,,,,
154,,,,
162,,,,
157,,,,
158,,,,
157,,,,
155,,,,
157,,,,
155,,,,
156,,,,
156,,,,
155,,,,
157,,,,
156,,,,
160,,,,
158,,,,
155,,,,
159,,,,
156,,,,
158,,,,
154,,,,
157,,,,
160,,,,
157,,,,
158,,,,
158,,,,
155,,,,
156,,,,
155,,,,
160,,,,
156,,,,
158,,,,
157,,,,
159,,,,
160,,,,
158,,,,
160,,,,
157,,,,
158,,,,
160,,,,
165,,,,
155,,,,
160,,,,
161,,,,
157,,,,
157,,,,
165,,,,
167,,,,
177,,,,
214,,,,
232,,,,
224,,,,
226,,,,
228,,,,
236,,,,
245,,,,
240,,,,
244,,,,
248,,,,
247,,,,
245,,,,
249,,,,
250,,,,
247,,,,
255,,,,
254,,,,
249,,,,
259,,,,
258,,,,
257,,,,
263,,,,
260,,,,
259,,,,
263,,,,
267,,,,
260,,,,
272,,,,
256,,,,
273,,,,
270,,,,
267,,,,
274,,,,
268,,,,
272,,,,
268,,,,
275,,,,
271,,,,
272,,,,
274,,,,
271,,,,
268,,,,
277,,,,
270,,,,
270,,,,
272,,,,
271,,,,
274,,,,
269,,,,
271,,,,
265,,,,
279,,,,
276,,,,
278,,,,
271,,,,
279,,,,
274,,,,
280,,,,
278,,,,
289,,,,
292,,,,
290,,,,
293,,,,
297,,,,
302,,,,
310,,,,
315,,,,
316,,,,
325,,,,
321,,,,
325,,,,
336,,,,
339,,,,
343,,,,
347,,,,
347,,,,
353,,,,
358,,,,
358,,,,
374,,,,
374,,,,
379,,,,
384,,,,
382,,,,
386,,,,
396,,,,
398,,,,
404,,,,
396,,,,
410,,,,
403,,,,
398,,,,
373,,,,
290,,,,
298,,,,
305,,,,
281,,,,
297,,,,
284,,,,
281,,,,
276,,,,
270,,,,
269,,,,
261,,,,
260,,,,
255,,,,
253,,,,
248,,,,
244,,,,
242,,,,
239,,,,
236,,,,
233,,,,
229,,,,
230,,,,
224,,,,
220,,,,
220,,,,
220,,,,
217,,,,
214,,,,
212,,,,
214,,,,
206,,,,
212,,,,
205,,,,
204,,,,
207,,,,
203,,,,
201,,,,
200,,,,
201,,,,
197,,,,
197,,,,
196,,,,
194,,,,
193,,,,
195,,,,
190,,,,
192,,,,
190,,,,
188,,,,
191,,,,
187,,,,
186,,,,
189,,,,
183,,,,
188,,,,
182,,,,
184,,,,
183,,,,
182,,,,
184,,,,
178,,,,
184,,,,
181,,,,
180,,,,
181,,,,
181,,,,
180,,,,
180,,,,
180,,,,
177,,,,
181,,,,
178,,,,
176,,,,
179,,,,
178,,,,
178,,,,
177,,,,
176,,,,
178,,,,
176,,,,
174,,,,
175,,,,
175,,,,
174,,,,
180,,,,
175,,,,
174,,,,
176,,,,
174,,,,
174,,,,
176,,,,
175,,,,
174,,,,
175,,,,
176,,,,
172,,,,
173,,,,
174,,,,
174,,,,
174,,,,
174,,,,
175,,,,
177,,,,
173,,,,
177,,,,
173,,,,
176,,,,
175,,,,
172,,,,
176,,,,
175,,,,
178,,,,
176,,,,
177,,,,
176,,,,
175,,,,
178,,,,
176,,,,
177,,,,
180,,,,
175,,,,
178,,,,
175,,,,
179,,,,
178,,,,
179,,,,
176,,,,
175,,,,
175,,,,
175,,,,
176,,,,
172,,,,
176,,,,
178,,,,
179,,,,
176,,,,
179,,,,
175,,,,
178,,,,
177,,,,
179,,,,
177,,,,
177,,,,
176,,,,
180,,,,
180,,,,
178,,,,
180,,,,
178,,,,
182,,,,
177,,,,
179,,,,
179,,,,
180,,,,
182,,,,
176,,,,
177,,,,
182,,,,
179,,,,
183,,,,
178,,,,
178,,,,
178,,,,
178,,,,
179,,,,
177,,,,
176,,,,
180,,,,
175,,,,
178,,,,
176,,,,
175,,,,
179,,,,
176,,,,
177,,,,
176,,,,
173,,,,
175,,,,
176,,,,
173,,,,
175,,,,
175,,,,
176,,,,
174,,,,
178,,,,
174,,,,
174,,,,
174,,,,
174,,,,
170,,,,
177,,,,
175,,,,
174,,,,
174,,,,
173,,,,
177,,,,
171,,,,
173,,,,
171,,,,
175,,,,
172,,,,
174,,,,
170,,,,
172,,,,
173,,,,
172,,,,
172,,,,
170,,,,
173,,,,
169,,,,
172,,,,
170,,,,
166,,,,
174,,,,
170,,,,
171,,,,
168,,,,
170,,,,
167,,,,
169,,,,
172,,,,
169,,,,
167,,,,
172,,,,
168,,,,
167,,,,
171,,,,
172,,,,
167,,,,
171,,,,
168,,,,
164,,,,
170,,,,
167,,,,
165,,,,
169,,,,
169,,,,
167,,,,
164,,,,
170,,,,
166,,,,
164,,,,
168,,,,
167,,,,
164,,,,
166,,,,
170,,,,
164,,,,
164,,,,
164,,,,
166,,,,
165,,,,
163,,,,
164,,,,
164,,,,
166,,,,
165,,,,
164,,,,
162,,,,
164,,,,
166,,,,
165,,,,
165,,,,
164,,,,
164,,,,
162,,,,
164,,,,
163,,,,
164,,,,
160,,,,
165,,,,
164,,,,
162,,,,
164,,,,
162,,,,
160,,,,
164,,,,
161,,,,
163,,,,
162,,,,
161,,,,
160,,,,
161,,,,
161,,,,
160,,,,
164,,,,
157,,,,
159,,,,
158,,,,
159,,,,
160,,,,
164,,,,
160,,,,
159,,,,
159,,,,
163,,,,
161,,,,
159,,,,
161,,,,
161,,,,
160,,,,
159,,,,
159,,,,
159,,,,
160,,,,
160,,,,
161,,,,
160,,,,
160,,,,
158,,,,
160,,,,
158,,,,
159,,,,
157,,,,
156,,,,
160,,,,
156,,,,
160,,,,
159,,,,
162,,,,
159,,,,
159,,,,
157,,,,
159,,,,
158,,,,
156,,,,
158,,,,
157,,,,
157,,,,
158,,,,
159,,,,
159,,,,
155,,,,
158,,,,
156,,,,
154,,,,
158,,,,
159,,,,
157,,,,
159,,,,
159,,,,
159,,,,
158,,,,
156,,,,
158,,,,
156,,,,
159,,,,
154,,,,
155,,,,
160,,,,
154,,,,
155,,,,
155,,,,
152,,,,
154,,,,
156,,,,
154,,,,
157,,,,
155,,,,
152,,,,
159,,,,
157,,,,
153,,,,
154,,,,
156,,,,
157,,,,
154,,,,
154,,,,
159,,,,
156,,,,
154,,,,
155,,,,
156,,,,
156,,,,
156,,,,
155,,,,
158,,,,
154,,,,
156,,,,
153,,,,
154,,,,
155,,,,
156,,,,
155,,,,
158,,,,
154,,,,
155,,,,
154,,,,
155,,,,
154,,,,
154,,,,
156,,,,
156,,,,
152,,,,
153,,,,
159,,,,
153,,,,
155,,,,
156,,,,
152,,,,
157,,,,
160,,,,
152,,,,
153,,,,
155,,,,
152,,,,
153,,,,
156,,,,
154,,,,
153,,,,
154,,,,
156,,,,
156,,,,
155,,,,
155,,,,
157,,,,
149,,,,
155,,,,
157,,,,
153,,,,
152,,,,
156,,,,
152,,,,
154,,,,
152,,,,
151,,,,
156,,,,
153,,,,
156,,,,
153,,,,
154,,,,
152,,,,
154,,,,
155,,,,
153,,,,
153,,,,
154,,,,
153,,,,
151,,,,
153,,,,
153,,,,
153,,,,
154,,,,
155,,,,
152,,,,
153,,,,
152,,,,
157,,,,
149,,,,
155,,,,
151,,,,
152,,,,
152,,,,
154,,,,
156,,,,
151,,,,
156,,,,
153,,,,
153,,,,
152,,,,
153,,,,
155,,,,
152,,,,
152,,,,
152,,,,
154,,,,
153,,,,
152,,,,
154,,,,
151,,,,
155,,,,
154,,,,
151,,,,
154,,,,
152,,,,
154,,,,
150,,,,
155,,,,
153,,,,
150,,,,
152,,,,
151,,,,
151,,,,
152,,,,
151,,,,
152,,,,
152,,,,
153,,,,
150,,,,
154,,,,
150,,,,
156,,,,
151,,,,
155,,,,
151,,,,
154,,,,
151,,,,
153,,,,
153,,,,
157,,,,
154,,,,
156,,,,
149,,,,
156,,,,
150,,,,
152,,,,
152,,,,
155,,,,
150,,,,
155,,,,
153,,,,
157,,,,
154,,,,
157,,,,
150,,,,
153,,,,
157,,,,
151,,,,
152,,,,
153,,,,
152,,,,
152,,,,
156,,,,
155,,,,
151,,,,
150,,,,
154,,,,
154,,,,
151,,,,
157,,,,
154,,,,
155,,,,
154,,,,
152,,,,
153,,,,
157,,,,
153,,,,
152,,,,
153,,,,
150,,,,
154,,,,
151,,,,
156,,,,
155,,,,
153,,,,
154,,,,
159,,,,
156,,,,
153,,,,
157,,,,
152,,,,
153,,,,
156,,,,
153,,,,
155,,,,
151,,,,
157,,,,
153,,,,
155,,,,
154,,,,
153,,,,
156,,,,
154,,,,
158,,,,
153,,,,
149,,,,
157,,,,
152,,,,
152,,,,
157,,,,
156,,,,
156,,,,
154,,,,
154,,,,
156,,,,
155,,,,
154,,,,
155,,,,
155,,,,
157,,,,
155,,,,
156,,,,
156,,,,
156,,,,
151,,,,
155,,,,
157,,,,
151,,,,
154,,,,
154,,,,
156,,,,
153,,,,
157,,,,
152,,,,
153,,,,
154,,,,
151,,,,
155,,,,
155,,,,
163,,,,
154,,,,
155,,,,
150,,,,
157,,,,
153,,,,
155,,,,
154,,,,
153,,,,
155,,,,
153,,,,
155,,,,
153,,,,
154,,,,
155,,,,
153,,,,
154,,,,
156,,,,
158,,,,
152,,,,
153,,,,
153,,,,
160,,,,
155,,,,
153,,,,
157,,,,
154,,,,
155,,,,
154,,,,
154,,,,
158,,,,
154,,,,
154,,,,
154,,,,
155,,,,
157,,,,
153,,,,
160,,,,
157,,,,
155,,,,
154,,,,
155,,,,
155,,,,
151,,,,
157,,,,
155,,,,
155,,,,
153,,,,
159,,,,
153,,,,
156,,,,
157,,,,
153,,,,
155,,,,
155,,,,
156,,,,
156,,,,
153,,,,
158,,,,
154,,,,
155,,,,
151,,,,
158,,,,
154,,,,
152,,,,
155,,,,
155,,,,
154,,,,
154,,,,
154,,,,
157,,,,
154,,,,
154,,,,
160,,,,
156,,,,
155,,,,
155,,,,
155,,,,
156,,,,
158,,,,
155,,,,
154,,,,
157,,,,
155,,,,
155,,,,
159,,,,
158,,,,
157,,,,
154,,,,
156,,,,
157,,,,
153,,,,
156,,,,
161,,,,
154,,,,
159,,,,
155,,,,
157,,,,
156,,,,
155,,,,
157,,,,
155,,,,
153,,,,
159,,,,
155,,,,
154,,,,
155,,,,
159,,,,
155,,,,
155,,,,
156,,,,
152,,,,
158,,,,
151,,,,
158,,,,
157,,,,
159,,,,
155,,,,
154,,,,
158,,,,
160,,,,
155,,,,
159,,,,
154,,,,
154,,,,
157,,,,
159,,,,
157,,,,
158,,,,
156,,,,
155,,,,
154,,,,
160,,,,
156,,,,
156,,,,
158,,,,
155,,,,
155,,,,
157,,,,
157,,,,
158,,,,
155,,,,
158,,,,
157,,,,
152,,,,
161,,,,
154,,,,
156,,,,
154,,,,
158,,,,
154,,,,
157,,,,
157,,,,
157,,,,
158,,,,
156,,,,
156,,,,
159,,,,
157,,,,
156,,,,
154,,,,
159,,,,
152,,,,
160,,,,
155,,,,
158,,,,
157,,,,
158,,,,
153,,,,
157,,,,
157,,,,
155,,,,
156,,,,
155,,,,
157,,,,
157,,,,
158,,,,
154,,,,
159,,,,
154,,,,
156,,,,
158,,,,
153,,,,
156,,,,
157,,,,
157,,,,
153,,,,
158,,,,
158,,,,
154,,,,
156,,,,
152,,,,
158,,,,
158,,,,
157,,,,
155,,,,
158,,,,
154,,,,
155,,,,
161,,,,
157,,,,
156,,,,
153,,,,
158,,,,
157,,,,
160,,,,
157,,,,
156,,,,
156,,,,
157,,,,
156,,,,
154,,,,
156,,,,
155,,,,
157,,,,
155,,,,
157,,,,
157,,,,
157,,,,
156,,,,
157,,,,
159,,,,
158,,,,
156,,,,
157,,,,
158,,,,
156,,,,
156,,,,
155,,,,
157,,,,
160,,,,
158,,,,
157,,,,
156,,,,
155,,,,
156,,,,
154,,,,
159,,,,
157,,,,
156,,,,
155,,,,
161,,,,
153,,,,
158,,,,
155,,,,
156,,,,
156,,,,
155,,,,
157,,,,
155,,,,
158,,,,
156,,,,
155,,,,
156,,,,
158,,,,
155,,,,
163,,,,
155,,,,
157,,,,
157,,,,
157,,,,
157,,,,
158,,,,
156,,,,
161,,,,
154,,,,
158,,,,
157,,,,
158,,,,
155,,,,
157,,,,
155,,,,
157,,,,
156,,,,
156,,,,
156,,,,
155,,,,
157,,,,
156,,,,
157,,,,
158,,,,
158,,,,
161,,,,
158,,,,
160,,,,
155,,,,
160,,,,
156,,,,
160,,,,
157,,,,
157,,,,
157,,,,
158,,,,
160,,,,
159,,,,
160,,,,
155,,,,
160,,,,
156,,,,
160,,,,
155,,,,
157,,,,
156,,,,
157,,,,
156,,,,
157,,,,
161,,,,
159,,,,
156,,,,
159,,,,
156,,,,
158,,,,
158,,,,
155,,,,
155,,,,
157,,,,
160,,,,
158,,,,
159,,,,
154,,,,
161,,,,
156,,,,
158,,,,
157,,,,
158,,,,
156,,,,
156,,,,
159,,,,
159,,,,
158,,,,
156,,,,
160,,,,
156,,,,
159,,,,
160,,,,
155,,,,
157,,,,
159,,,,
160,,,,
155,,,,
155,,,,
157,,,,
157,,,,
158,,,,
157,,,,
154,,,,
157,,,,
156,,,,
159,,,,
154,,,,
155,,,,
162,,,,
154,,,,
157,,,,
158,,,,
157,,,,
158,,,,
156,,,,
156,,,,
157,,,,
159,,,,
156,,,,
157,,,,
158,,,,
157,,,,
160,,,,
155,,,,
158,,,,
156,,,,
157,,,,
161,,,,
159,,,,
156,,,,
157,,,,
153,,,,
158,,,,
155,,,,
158,,,,
154,,,,
159,,,,
157,,,,
157,,,,
156,,,,
155,,,,
160,,,,
156,,,,
158,,,,
156,,,,
156,,,,
156,,,,
160,,,,
158,,,,
157,,,,
160,,,,
156,,,,
160,,,,
155,,,,
156,,,,
160,,,,
153,,,,
160,,,,
159,,,,
159,,,,
157,,,,
156,,,,
164,,,,
154,,,,
156,,,,
160,,,,
153,,,,
158,,,,
157,,,,
157,,,,
157,,,,
154,,,,
157,,,,
155,,,,
158,,,,
154,,,,
160,,,,
156,,,,
157,,,,
157,,,,
154,,,,
156,,,,
157,,,,
159,,,,
157,,,,
159,,,,
158,,,,
157,,,,
158,,,,
155,,,,
154,,,,
160,,,,
160,,,,
155,,,,
158,,,,
156,,,,
159,,,,
160,,,,
157,,,,
161,,,,
156,,,,
156,,,,
158,,,,
155,,,,
155,,,,
161,,,,
155,,,,
